{
  "d": 128,
  "N": 65536,
  "mse_bits": [
    1,
    2,
    4
  ],
  "prod_bits": [
    2,
    3,
    5
  ],
  "mse": {
    "1": {
      "n_seeds": 10,
      "d_mse_mean": 0.3609121650457382,
      "d_mse_std": 0.00014247419569622368,
      "d_mse_min": 0.36063000559806824,
      "d_mse_max": 0.3611466586589813,
      "d_mse_median": 0.36092352867126465,
      "all": [
        0.36103707551956177,
        0.36096033453941345,
        0.3610510230064392,
        0.3611466586589813,
        0.3607836067676544,
        0.36094534397125244,
        0.3608117997646332,
        0.3608540892601013,
        0.36063000559806824,
        0.36090171337127686
      ],
      "upper_bound": 0.6801747615878316,
      "lower_bound": 0.25
    },
    "2": {
      "n_seeds": 10,
      "d_mse_mean": 0.11600814610719681,
      "d_mse_std": 8.426979879441575e-05,
      "d_mse_min": 0.11587084829807281,
      "d_mse_max": 0.11612541973590851,
      "d_mse_median": 0.11597424745559692,
      "all": [
        0.1159929484128952,
        0.11610791832208633,
        0.11612541973590851,
        0.11608342081308365,
        0.1159500926733017,
        0.11610177159309387,
        0.11593912541866302,
        0.11595554649829865,
        0.11587084829807281,
        0.11595436930656433
      ],
      "upper_bound": 0.1700436903969579,
      "lower_bound": 0.0625
    },
    "4": {
      "n_seeds": 10,
      "d_mse_mean": 0.009327086247503757,
      "d_mse_std": 9.128527915853767e-06,
      "d_mse_min": 0.009316531009972095,
      "d_mse_max": 0.009343051351606846,
      "d_mse_median": 0.009322775527834892,
      "all": [
        0.009322496131062508,
        0.009337425231933594,
        0.009343051351606846,
        0.009341111406683922,
        0.009319186210632324,
        0.009321661666035652,
        0.009323054924607277,
        0.009321829304099083,
        0.009316531009972095,
        0.009324515238404274
      ],
      "upper_bound": 0.01062773064980987,
      "lower_bound": 0.00390625
    }
  },
  "prod": {
    "2": {
      "n_seeds": 10,
      "d_prod_mean": 0.004391770716756583,
      "d_prod_std": 9.020007908204927e-05,
      "d_prod_min": 0.004204827360808849,
      "d_prod_max": 0.004554144572466612,
      "d_prod_median": 0.004380851984024048,
      "all": [
        0.004457761533558369,
        0.004204827360808849,
        0.004327999893575907,
        0.004361629951745272,
        0.004554144572466612,
        0.0044703702442348,
        0.00439066905528307,
        0.004371034912765026,
        0.0044349078088998795,
        0.004344361834228039
      ],
      "upper_bound": 0.00834700013344344,
      "lower_bound": 0.00048828125
    },
    "3": {
      "n_seeds": 10,
      "d_prod_mean": 0.001409390161279589,
      "d_prod_std": 2.665070744215167e-05,
      "d_prod_min": 0.001345280441455543,
      "d_prod_max": 0.0014349372358992696,
      "d_prod_median": 0.0014198230928741395,
      "all": [
        0.0014282979536801577,
        0.001345280441455543,
        0.0013843277702108026,
        0.001390635734423995,
        0.0014349372358992696,
        0.0014337339671328664,
        0.001418459229171276,
        0.001421186956577003,
        0.0014218190917745233,
        0.0014152232324704528
      ],
      "upper_bound": 0.00208675003336086,
      "lower_bound": 0.0001220703125
    },
    "5": {
      "n_seeds": 10,
      "d_prod_mean": 0.000113100245653186,
      "d_prod_std": 1.8571543772612417e-06,
      "d_prod_min": 0.00010930637654382735,
      "d_prod_max": 0.00011601294681895524,
      "d_prod_median": 0.00011314282892271876,
      "all": [
        0.00011378309864085168,
        0.00010930637654382735,
        0.00011282922787358984,
        0.00011231357348151505,
        0.00011601294681895524,
        0.00011568795162020251,
        0.00011223237379454076,
        0.00011156288383062929,
        0.00011381759395590052,
        0.00011345642997184768
      ],
      "upper_bound": 0.00013042187708505376,
      "lower_bound": 7.62939453125e-06
    }
  },
  "ip_samples_mse": {
    "1": "<array omitted>",
    "2": "<array omitted>",
    "4": "<array omitted>"
  },
  "ip_samples_prod": {
    "2": "<array omitted>",
    "3": "<array omitted>",
    "5": "<array omitted>"
  }
}