{
  "b": 2,
  "bias_mse": {
    "0.01": -0.0012053204700350761,
    "0.1": -0.011681506410241127,
    "0.3": -0.03442472964525223,
    "0.5": -0.057474520057439804
  },
  "bias_prod": {
    "0.01": 8.392575546167791e-05,
    "0.1": -3.347839810885489e-05,
    "0.3": 0.00027925585163757205,
    "0.5": 0.0007461362984031439
  }
}